az,gx,gy,gz,ax,ay,gx_rad,time
2.19,325.08,15.54,-1.54,0.16,-0.48,5.673716332,0
2.1,325.78,15.4,-1.96,0.13,-0.37,5.685933637,0.00120048
2.25,328.02,15.4,-2.66,0,-0.3,5.725029012,0.00240096
2.62,329.7,15.54,-3.36,-0.24,-0.23,5.754350544,0.003601441
2.85,331.24,16.52,-3.5,-0.47,-0.11,5.781228614,0.004801921
2.74,331.52,16.52,-3.78,-0.47,-0.07,5.786115536,0.006002401
2.38,330.4,14,-4.2,-0.22,-0.03,5.766567849,0.007202881
2.09,328.86,12.04,-4.2,-0.14,-0.11,5.739689778,0.008403361
1.97,328.58,14.98,-4.06,-0.23,-0.16,5.734802856,0.009603842
2.12,329.7,15.12,-4.06,-0.25,-0.06,5.754350544,0.010804322
2.59,330.82,15.4,-4.2,-0.05,0.16,5.773898231,0.012004802
2.53,330.68,17.78,-4.06,-0.03,-0.08,5.77145477,0.013205282
2.23,325.92,19.32,-3.92,0.25,-1.54,5.688377098,0.014405762
2.27,326.76,19.6,-2.38,0.51,-2.73,5.703037864,0.015606242
3.39,354.34,26.46,1.54,0.07,-0.58,6.184399672,0.016806723
3.95,385.56,34.16,1.82,-0.09,-0.22,6.729291464,0.018007203
3.18,372.12,32.9,1.96,0.04,-0.53,6.494719213,0.019207683
2.59,371.28,32.9,1.96,0.04,-0.17,6.480058447,0.020408163
2.56,366.8,34.16,3.08,0.25,-0.75,6.401867696,0.021608643
2.45,363.3,35.14,3.36,0.26,-0.22,6.340781172,0.022809124
2.41,368.2,38.78,4.2,0.1,-0.26,6.426302306,0.024009604
2.45,360.92,42.14,4.48,0.04,-0.56,6.299242336,0.025210084
2.47,362.6,45.22,5.46,-0.07,-0.06,6.328563868,0.026410564
2.47,358.82,46.48,5.6,0.03,-0.26,6.262590422,0.027611044
2,351.54,49.42,5.32,-0.14,-0.37,6.135530452,0.028811525
1.99,356.58,47.32,5.74,0.05,-0.12,6.223495047,0.030012005
1.86,355.74,49,5.6,-0.04,-0.5,6.208834281,0.031212485
1.7,355.18,50.96,5.88,0.04,-0.3,6.199060437,0.032412965
2,359.66,54.18,6.16,-0.13,-0.39,6.277251188,0.033613445
2.33,359.94,57.54,6.86,0.03,-0.12,6.28213811,0.034813926
2.42,363.44,60.2,7,-0.13,0.08,6.343224633,0.036014406
2.43,358.4,62.58,7,0.17,-0.11,6.255260039,0.037214886
2.42,355.46,63.56,7.14,0.21,-0.2,6.203947359,0.038415366
2.55,355.6,70.14,7.98,-0.19,0.05,6.20639082,0.039615846
2.4,356.72,73.08,7.98,-0.12,0.15,6.225938508,0.040816327
2.04,352.1,70.28,7.7,0,-0.05,6.145304296,0.042016807
1.9,350.28,73.08,8.54,0.2,0.1,6.113539304,0.043217287
2.12,346.92,76.86,8.4,-0.13,0.17,6.054896241,0.044417767
1.79,343.84,75.04,8.4,0.08,0.07,6.0011401,0.045618247
1.77,340.9,76.86,8.54,0.02,0.11,5.94982742,0.046818727
1.9,339.92,80.64,8.82,-0.03,0.21,5.932723193,0.048019208
1.78,336.14,82.88,8.82,-0.1,0.07,5.866749748,0.049219688
1.71,331.66,85.26,8.82,-0.14,0.12,5.788558997,0.050420168
1.72,329,87.08,8.68,-1.35,0.09,5.742133239,0.051620648
6.95,329.28,86.1,7.7,-1.72,1.12,5.747020161,0.052821128
9.35,315.14,56,3.92,-0.15,0.73,5.500230605,0.054021609
5.74,295.4,37.94,1.68,0.08,1.26,5.15570261,0.055222089
1.67,279.02,39.2,1.26,-0.08,0.39,4.869817679,0.056422569
1.59,252.84,39.34,1.82,-0.26,0.35,4.412890481,0.057623049
2.59,246.96,35.42,1.82,-0.34,0.56,4.310265121,0.058823529
2.22,232.26,28,2.66,-0.07,-0.03,4.053701721,0.06002401
1.88,216.72,20.3,2.94,-0.11,0.14,3.782477555,0.06122449
2.07,207.48,15.54,3.22,-0.16,0.46,3.621209132,0.06242497
2,196.42,9.94,3.22,-0.32,0.51,3.428175717,0.06362545
2,182.84,4.76,3.64,-0.14,0.29,3.191160004,0.06482593
1.97,170.38,-1.68,3.92,-0.15,0.26,2.97369198,0.066026411
1.66,163.94,-3.22,4.34,-0.13,0.38,2.861292776,0.067226891
1.53,154.7,-6.16,4.34,-0.18,0.21,2.700024353,0.068427371
1.48,146.3,-7.98,4.48,-0.13,0.3,2.553416696,0.069627851
1.57,140,-10.5,4.48,-0.14,0.18,2.443460953,0.070828331
1.42,131.6,-12.32,4.48,-0.2,0.16,2.296853296,0.072028812
1.34,125.86,-14,4.76,-0.16,0.18,2.196671397,0.073229292
1.46,118.16,-16.38,4.62,-0.12,0.05,2.062281044,0.074429772
1.24,111.72,-18.48,4.62,-0.05,0.07,1.94988184,0.075630252
1.16,108.64,-20.02,4.48,-0.02,0.27,1.896125699,0.076830732
1.17,94.36,-21.14,4.76,-0.14,0.32,1.646892682,0.078031212
1.3,88.2,-23.24,4.2,-0.04,0.21,1.5393804,0.079231693
1.14,85.82,-22.26,4.34,-0.1,0.24,1.497841564,0.080432173
1.25,80.36,-23.1,4.76,-0.03,0.17,1.402546587,0.081632653
1.14,75.88,-24.5,4.76,-0.01,0.1,1.324355836,0.082833133
1.15,72.24,-25.2,5.04,0.05,0.17,1.260825852,0.084033613
1.1,69.72,-25.62,5.04,-0.06,0.24,1.216843554,0.085234094
1.14,64.82,-25.48,5.04,-0.02,0.17,1.131322421,0.086434574
1.11,60.62,-27.02,5.46,0.13,0.06,1.058018593,0.087635054
1.07,58.24,-26.6,5.6,0.08,0.16,1.016479756,0.088835534
1.05,56.28,-26.74,6.02,-0.09,0.26,0.982271303,0.090036014
1.04,52.36,-27.44,6.3,-0.19,0.22,0.913854396,0.091236495
1,48.16,-27.72,6.3,-0.19,0.24,0.840550568,0.092436975
1.11,45.5,-27.86,6.44,-0.23,0.08,0.79412481,0.093637455
1.06,41.58,-28.42,7,-0.22,-0.07,0.725707903,0.094837935
0.96,41.86,-28.42,6.86,-0.15,0.11,0.730594825,0.096038415
1.04,40.04,-28.7,6.72,-0.04,0.2,0.698829832,0.097238896
1.01,39.2,-28.7,6.58,0.14,0.61,0.684169067,0.098439376
1.08,38.5,-28.14,5.88,0.35,1.14,0.671951762,0.099639856
1.44,30.94,-24.22,3.78,0.2,0.69,0.540004871,0.100840336
1.32,14.28,-17.64,2.1,-0.11,-0.25,0.249233017,0.102040816
0.78,9.66,-16.52,2.24,0.02,-0.11,0.168598806,0.103241297
1.04,18.06,-18.9,1.96,0.06,-0.02,0.315206463,0.104441777
1.12,13.72,-17.36,1.4,-0.07,-0.42,0.239459173,0.105642257
1.03,10.36,-17.36,0.84,0.02,-0.43,0.180816111,0.106842737
1.02,13.72,-18.76,0.42,-0.08,-0.28,0.239459173,0.108043217
1.02,14.28,-17.92,0.42,-0.09,-0.15,0.249233017,0.109243697
1.04,14.14,-18.9,0,-0.01,-0.11,0.246789556,0.110444178
1.05,13.86,-18.2,-0.56,-0.08,-0.05,0.241902634,0.111644658
1,13.02,-18.9,-1.12,-0.08,-0.06,0.227241869,0.112845138
0.96,12.88,-18.62,-1.12,-0.09,-0.05,0.224798408,0.114045618
1.05,13.44,-18.62,-1.68,0.06,0.08,0.234572251,0.115246098
1.04,14.28,-18.76,-2.1,-0.09,0.01,0.249233017,0.116446579
1.03,11.48,-16.52,-2.8,-0.13,-0.21,0.200363798,0.117647059
1.01,11.2,-17.36,-3.36,-0.1,-0.21,0.195476876,0.118847539
0.99,13.3,-17.36,-3.64,-0.14,-0.12,0.232128791,0.120048019
1,13.58,-17.5,-4.2,-0.07,-0.11,0.237015712,0.121248499
1.08,13.44,-17.78,-4.34,0.01,-0.01,0.234572251,0.12244898
0.92,15.12,-17.64,-4.62,0.02,0,0.263893783,0.12364946
1.05,13.58,-17.08,-5.46,0.06,0.06,0.237015712,0.12484994
1.09,14,-17.36,-5.74,0.01,0.11,0.244346095,0.12605042
0.85,12.46,-15.82,-5.74,-0.16,0.01,0.217468025,0.1272509
1.1,13.16,-16.66,-6.58,-0.06,0.08,0.22968533,0.128451381
0.96,11.9,-15.26,-6.44,-0.05,0.01,0.207694181,0.129651861
0.98,11.76,-15.4,-6.3,0.09,0.08,0.20525072,0.130852341
1.02,12.04,-15.96,-6.58,0.07,0.06,0.210137642,0.132052821
0.97,11.06,-14.28,-6.86,-0.04,0.09,0.193033415,0.133253301
1.03,11.48,-13.72,-6.72,-0.09,0.1,0.200363798,0.134453782
0.99,10.64,-13.58,-6.86,-0.08,0.07,0.185703032,0.135654262
0.97,10.22,-13.16,-6.72,-0.05,0.07,0.17837265,0.136854742
0.99,9.94,-13.44,-6.72,-0.03,0.09,0.173485728,0.138055222
1.01,9.8,-12.74,-6.44,-0.1,0.19,0.171042267,0.139255702
0.93,10.22,-12.32,-5.6,-0.1,0.63,0.17837265,0.140456182
0.82,13.16,-11.76,-4.9,-0.08,0.76,0.22968533,0.141656663
0.95,9.52,-10.5,-3.64,-0.11,0,0.166155345,0.142857143
1.16,-0.42,-9.94,-3.92,0.04,-0.28,-0.007330383,0.144057623
0.86,9.8,-9.1,-1.82,0.11,0.22,0.171042267,0.145258103
1.02,3.08,-9.52,-2.38,-0.19,-0.36,0.053756141,0.146458583
1.02,6.86,-12.04,-2.52,0.05,-0.04,0.119729587,0.147659064
1.02,8.96,-9.24,-1.4,-0.08,-0.17,0.156381501,0.148859544
1.02,5.18,-9.8,-0.98,0.05,-0.25,0.090408055,0.150060024
0.96,6.3,-11.34,-0.42,0,-0.1,0.109955743,0.151260504
1.04,8.4,-10.08,-0.14,0.03,-0.09,0.146607657,0.152460984
1,6.58,-11.34,0.14,0.02,-0.17,0.114842665,0.153661465
0.99,5.6,-11.06,0.56,-0.03,-0.13,0.097738438,0.154861945
1.03,6.86,-11.06,0.84,0.03,-0.01,0.119729587,0.156062425
0.96,6.58,-11.48,0.84,0,-0.04,0.114842665,0.157262905
0.99,5.32,-11.2,1.26,0.01,0,0.092851516,0.158463385
1.01,6.02,-11.2,1.54,0,0.09,0.105068821,0.159663866
0.94,5.6,-10.78,1.82,0.02,0.08,0.097738438,0.160864346
0.99,4.48,-11.06,2.24,0.07,0.04,0.07819075,0.162064826
0.97,2.8,-10.22,2.1,0.04,0.03,0.048869219,0.163265306
0.98,2.38,-10.22,1.82,0.02,0.02,0.041538836,0.164465786
0.94,0.7,-9.94,1.96,-0.01,-0.06,0.012217305,0.165666267
0.99,-0.14,-10.08,2.1,0.03,-0.03,-0.002443461,0.166866747
0.97,0.28,-10.36,1.96,0.01,0.01,0.004886922,0.168067227
0.97,-0.42,-9.8,2.1,0.03,0.02,-0.007330383,0.169267707
0.98,-1.4,-10.36,2.24,0.08,0.04,-0.02443461,0.170468187
0.96,-1.96,-9.8,2.38,0.04,-0.04,-0.034208453,0.171668667
0.99,-3.78,-9.52,2.52,0.07,-0.04,-0.065973446,0.172869148
0.94,-4.06,-10.36,2.66,0.06,0.04,-0.070860368,0.174069628
0.93,-4.48,-10.22,3.08,-0.12,-0.03,-0.07819075,0.175270108
0.96,-7,-9.94,3.5,-0.27,-0.08,-0.122173048,0.176470588
0.93,-6.72,-10.5,3.92,-0.2,0.05,-0.117286126,0.177671068
0.97,-5.74,-11.2,4.48,-0.26,-0.09,-0.100181899,0.178871549
1.03,-5.88,-12.32,5.04,-0.24,-0.09,-0.10262536,0.180072029
1.08,-5.04,-11.9,5.18,-0.16,0.1,-0.087964594,0.181272509
1,-6.02,-12.04,5.46,0.04,0.19,-0.105068821,0.182472989
1.02,-5.32,-12.46,4.76,0.14,0.33,-0.092851516,0.183673469
1.03,-5.6,-10.92,4.34,0.25,0.37,-0.097738438,0.18487395
0.99,-7,-10.92,3.92,0.37,0.5,-0.122173048,0.18607443
0.94,-7.84,-9.38,3.64,0.16,0.37,-0.136833813,0.18727491
0.99,-11.34,-6.86,3.22,0.03,0.16,-0.197920337,0.18847539
1.12,-11.2,-7.84,2.38,-0.01,-0.06,-0.195476876,0.18967587
1.01,-11.76,-8.26,2.1,-0.14,-0.32,-0.20525072,0.190876351
1.04,-10.08,-8.4,1.82,-0.11,-0.36,-0.175929189,0.192076831
1.04,-7.14,-10.5,1.12,0.02,-0.36,-0.124616509,0.193277311
1.11,-6.3,-12.18,0.56,0.06,-0.25,-0.109955743,0.194477791
1,-3.78,-12.46,0.42,0.01,-0.16,-0.065973446,0.195678271
1.08,-3.64,-12.88,-0.14,-0.06,-0.18,-0.063529985,0.196878752
1.02,-2.52,-14.14,-0.56,-0.03,-0.3,-0.043982297,0.198079232
1.1,0.42,-15.12,-1.54,0.04,-0.26,0.007330383,0.199279712
1.06,2.8,-16.24,-2.1,0.01,-0.37,0.048869219,0.200480192
1.15,3.5,-16.66,-2.94,0.06,-0.31,0.061086524,0.201680672
1.1,7.98,-18.06,-3.08,0.06,-0.3,0.139277274,0.202881152
1.16,9.24,-17.92,-3.92,-0.02,-0.43,0.161268423,0.204081633
1.18,12.88,-18.06,-4.62,0,-0.28,0.224798408,0.205282113
1.08,18.48,-19.46,-5.6,0.15,-0.09,0.322536846,0.206482593
1.16,20.86,-19.46,-5.6,0.19,-0.04,0.364075682,0.207683073
1.07,21.84,-17.36,-5.74,0.09,-0.08,0.381179909,0.208883553
1.06,23.8,-16.66,-6.02,-0.03,-0.25,0.415388362,0.210084034
1.31,26.74,-16.52,-7.14,-0.02,-0.45,0.466701042,0.211284514
1.19,32.62,-18.2,-7.7,0.13,-0.41,0.569326402,0.212484994
1.38,47.74,-14.28,-8.68,0.16,-0.29,0.833220185,0.213685474
1.26,52.78,-12.74,-9.1,0.39,-0.46,0.921184779,0.214885954
1.55,60.2,-11.76,-9.52,0.46,-0.39,1.05068821,0.216086435
1.45,70,-5.46,-9.52,0.31,-0.13,1.221730476,0.217286915
1.31,77.98,0,-9.24,0.29,-0.12,1.361007751,0.218487395
1.37,80.5,2.8,-9.38,0.28,-0.38,1.404990048,0.219687875
1.58,85.68,7.7,-9.66,-0.03,-0.37,1.495398103,0.220888355
1.36,97.72,13.3,-10.5,-0.07,-0.14,1.705535745,0.222088836
1.46,105.84,12.6,-9.94,0.19,-0.07,1.84725648,0.223289316
1.36,111.58,12.88,-10.22,0.34,0.15,1.947438379,0.224489796
1.44,119.98,20.3,-8.4,0.12,0.35,2.094046037,0.225690276
1.43,126,29.26,-7.14,-0.01,0.12,2.199114858,0.226890756
1.51,127.4,33.32,-6.02,-0.08,-0.3,2.223549467,0.228091236
1.55,133.7,38.22,-4.76,-0.22,-0.35,2.33350521,0.229291717
1.5,154.28,42.56,-2.8,-0.13,-0.15,2.69269397,0.230492197
1.5,159.88,45.92,-1.12,-0.08,-0.19,2.790432408,0.231692677
1.54,166.32,49.14,-0.14,-0.01,-0.3,2.902831612,0.232893157
1.62,172.48,50.26,0.84,0.08,-0.52,3.010343894,0.234093637
1.61,180.6,55.44,1.26,-0.14,-0.24,3.152064629,0.235294118
1.62,191.24,57.68,2.1,-0.18,-0.11,3.337767662,0.236494598
1.51,192.92,53.48,4.62,0.18,-0.72,3.367089193,0.237695078
1.68,198.66,53.62,4.48,0.04,-0.51,3.467271092,0.238895558
